sender,timestamp,pID,condition,blockNo,practice,trialNo,img_left,img_right,winner,loser,duration,response,ended_on,pnum
trial,2023-09-06T19:32:11.681Z,58ed7f5aac62dc00019366a9,asymmetry,1.0,False,1.0,ISIC_1202976,ISIC_9175856,ISIC_9175856,ISIC_1202976,1860.4950000238605,1,response,0.0
trial,2023-09-06T19:32:14.392Z,58ed7f5aac62dc00019366a9,asymmetry,1.0,False,2.0,ISIC_0011520,ISIC_8419663,ISIC_0011520,ISIC_8419663,1204.5560000477126,0,response,0.0
trial,2023-09-06T19:32:17.372Z,58ed7f5aac62dc00019366a9,asymmetry,1.0,False,3.0,ISIC_8951909,ISIC_0990298,ISIC_0990298,ISIC_8951909,1468.1170000476995,1,response,0.0
trial,2023-09-06T19:32:20.241Z,58ed7f5aac62dc00019366a9,asymmetry,1.0,False,4.0,ISIC_0033980,ISIC_9469284,ISIC_0033980,ISIC_9469284,1354.0259999762056,0,response,0.0
trial,2023-09-06T19:32:23.622Z,58ed7f5aac62dc00019366a9,asymmetry,1.0,False,5.0,ISIC_1075605,ISIC_3933658,ISIC_3933658,ISIC_1075605,1868.5629999761004,1,response,0.0
trial,2023-09-06T19:32:26.492Z,58ed7f5aac62dc00019366a9,asymmetry,1.0,False,6.0,ISIC_7340112,ISIC_7798403,ISIC_7340112,ISIC_7798403,1355.3160000714706,0,response,0.0
trial,2023-09-06T19:32:29.189Z,58ed7f5aac62dc00019366a9,asymmetry,1.0,False,7.0,ISIC_5961092,ISIC_0013472,ISIC_5961092,ISIC_0013472,1185.2350000477163,0,response,0.0
trial,2023-09-06T19:32:32.314Z,58ed7f5aac62dc00019366a9,asymmetry,1.0,False,8.0,ISIC_0000031,ISIC_2067576,ISIC_0000031,ISIC_2067576,1610.732000023825,0,response,0.0
trial,2023-09-06T19:32:35.246Z,58ed7f5aac62dc00019366a9,asymmetry,1.0,False,9.0,ISIC_0033640,ISIC_0000176,ISIC_0000176,ISIC_0033640,1426.274000047706,1,response,0.0
trial,2023-09-06T19:32:38.537Z,58ed7f5aac62dc00019366a9,asymmetry,1.0,False,10.0,ISIC_8170849,ISIC_7244604,ISIC_7244604,ISIC_8170849,1784.2090000715107,1,response,0.0
trial,2023-09-06T19:32:41.686Z,58ed7f5aac62dc00019366a9,asymmetry,1.0,False,11.0,ISIC_2151856,ISIC_0015045,ISIC_0015045,ISIC_2151856,1632.5709999999963,1,response,0.0
trial,2023-09-06T19:32:44.282Z,58ed7f5aac62dc00019366a9,asymmetry,1.0,False,12.0,ISIC_0055013,ISIC_0069204,ISIC_0055013,ISIC_0069204,1078.564000047627,0,response,0.0
trial,2023-09-06T19:32:46.958Z,58ed7f5aac62dc00019366a9,asymmetry,1.0,False,13.0,ISIC_7404937,ISIC_3094758,ISIC_3094758,ISIC_7404937,1171.7110000477405,1,response,0.0
trial,2023-09-06T19:32:49.650Z,58ed7f5aac62dc00019366a9,asymmetry,1.0,False,14.0,ISIC_7658133,ISIC_0014395,ISIC_0014395,ISIC_7658133,1180.6940000714967,1,response,0.0
trial,2023-09-06T19:32:52.586Z,58ed7f5aac62dc00019366a9,asymmetry,1.0,False,15.0,ISIC_6486856,ISIC_0026329,ISIC_6486856,ISIC_0026329,1433.893000071519,0,response,0.0
trial,2023-09-06T19:32:55.743Z,58ed7f5aac62dc00019366a9,asymmetry,1.0,False,16.0,ISIC_0026868,ISIC_6425888,ISIC_6425888,ISIC_0026868,1640.436000023852,1,response,0.0
trial,2023-09-06T19:32:58.583Z,58ed7f5aac62dc00019366a9,asymmetry,1.0,False,17.0,ISIC_5239856,ISIC_5920470,ISIC_5239856,ISIC_5920470,1330.752000071574,0,response,0.0
trial,2023-09-06T19:33:01.275Z,58ed7f5aac62dc00019366a9,asymmetry,1.0,False,18.0,ISIC_2822718,ISIC_6019374,ISIC_6019374,ISIC_2822718,1189.6659999761032,1,response,0.0
trial,2023-09-06T19:33:03.823Z,58ed7f5aac62dc00019366a9,asymmetry,1.0,False,19.0,ISIC_0010426,ISIC_0163812,ISIC_0010426,ISIC_0163812,1037.9290000238689,0,response,0.0
trial,2023-09-06T19:33:06.952Z,58ed7f5aac62dc00019366a9,asymmetry,1.0,False,20.0,ISIC_1706912,ISIC_2526170,ISIC_2526170,ISIC_1706912,1616.8239999761572,1,response,0.0
trial,2023-09-06T19:33:09.870Z,58ed7f5aac62dc00019366a9,asymmetry,1.0,False,21.0,ISIC_0026659,ISIC_7636321,ISIC_0026659,ISIC_7636321,1401.6710000477037,0,response,0.0
trial,2023-09-06T19:33:13.733Z,58ed7f5aac62dc00019366a9,asymmetry,1.0,False,22.0,ISIC_0070463,ISIC_0011546,ISIC_0011546,ISIC_0070463,2348.1500000715023,1,response,0.0
trial,2023-09-06T19:33:16.416Z,58ed7f5aac62dc00019366a9,asymmetry,1.0,False,23.0,ISIC_0064034,ISIC_7604596,ISIC_0064034,ISIC_7604596,1164.5200000476325,0,response,0.0
trial,2023-09-06T19:33:19.076Z,58ed7f5aac62dc00019366a9,asymmetry,1.0,False,24.0,ISIC_0014217,ISIC_1768733,ISIC_0014217,ISIC_1768733,1141.4530000477098,0,response,0.0
trial,2023-09-06T19:33:22.187Z,58ed7f5aac62dc00019366a9,asymmetry,1.0,False,25.0,ISIC_0056796,ISIC_0485914,ISIC_0485914,ISIC_0056796,1602.5630000476958,1,response,0.0
trial,2023-09-06T19:33:24.991Z,58ed7f5aac62dc00019366a9,asymmetry,1.0,False,26.0,ISIC_0054244,ISIC_0030481,ISIC_0030481,ISIC_0054244,1289.7139999761712,1,response,0.0
trial,2023-09-06T19:33:27.874Z,58ed7f5aac62dc00019366a9,asymmetry,1.0,False,27.0,ISIC_8095877,ISIC_0069056,ISIC_0069056,ISIC_8095877,1372.954000000027,1,response,0.0
trial,2023-09-06T19:33:30.615Z,58ed7f5aac62dc00019366a9,asymmetry,1.0,False,28.0,ISIC_0012055,ISIC_0058580,ISIC_0012055,ISIC_0058580,1231.614999976125,0,response,0.0
trial,2023-09-06T19:33:33.404Z,58ed7f5aac62dc00019366a9,asymmetry,1.0,False,29.0,ISIC_0497390,ISIC_0032441,ISIC_0032441,ISIC_0497390,1270.1090000238041,1,response,0.0
trial,2023-09-06T19:33:36.591Z,58ed7f5aac62dc00019366a9,asymmetry,1.0,False,30.0,ISIC_0029686,ISIC_5176419,ISIC_0029686,ISIC_5176419,1674.535999976215,0,response,0.0
trial,2023-09-06T19:33:39.796Z,58ed7f5aac62dc00019366a9,asymmetry,1.0,False,31.0,ISIC_0055143,ISIC_0034256,ISIC_0034256,ISIC_0055143,1695.7430000476302,1,response,0.0
trial,2023-09-06T19:33:42.649Z,58ed7f5aac62dc00019366a9,asymmetry,1.0,False,32.0,ISIC_0003793,ISIC_2458609,ISIC_2458609,ISIC_0003793,1349.1069999762112,1,response,0.0
trial,2023-09-06T19:33:46.813Z,58ed7f5aac62dc00019366a9,asymmetry,1.0,False,33.0,ISIC_0028984,ISIC_0071568,ISIC_0071568,ISIC_0028984,2646.37800004764,1,response,0.0
trial,2023-09-06T19:33:49.841Z,58ed7f5aac62dc00019366a9,asymmetry,1.0,False,34.0,ISIC_6155981,ISIC_0032841,ISIC_0032841,ISIC_6155981,1524.481000023894,1,response,0.0
trial,2023-09-06T19:33:52.712Z,58ed7f5aac62dc00019366a9,asymmetry,1.0,False,35.0,ISIC_0060148,ISIC_0027282,ISIC_0060148,ISIC_0027282,1363.0590000714874,0,response,0.0
trial,2023-09-06T19:33:55.557Z,58ed7f5aac62dc00019366a9,asymmetry,1.0,False,36.0,ISIC_8174951,ISIC_7839712,ISIC_7839712,ISIC_8174951,1341.02299997618,1,response,0.0
trial,2023-09-06T19:33:58.169Z,58ed7f5aac62dc00019366a9,asymmetry,1.0,False,37.0,ISIC_6768006,ISIC_0067172,ISIC_0067172,ISIC_6768006,1103.375,1,response,0.0
trial,2023-09-06T19:34:00.732Z,58ed7f5aac62dc00019366a9,asymmetry,1.0,False,38.0,ISIC_8901371,ISIC_7565128,ISIC_8901371,ISIC_7565128,1050.1979999761097,0,response,0.0
trial,2023-09-06T19:34:03.440Z,58ed7f5aac62dc00019366a9,asymmetry,1.0,False,39.0,ISIC_9134453,ISIC_1962844,ISIC_1962844,ISIC_9134453,1191.1039999761852,1,response,0.0
trial,2023-09-06T19:34:06.009Z,58ed7f5aac62dc00019366a9,asymmetry,1.0,False,40.0,ISIC_6478506,ISIC_6336926,ISIC_6336926,ISIC_6478506,1060.813999976148,1,response,0.0
trial,2023-09-06T19:34:08.766Z,58ed7f5aac62dc00019366a9,asymmetry,1.0,False,41.0,ISIC_9684318,ISIC_0064318,ISIC_0064318,ISIC_9684318,1250.9730000238637,1,response,0.0
trial,2023-09-06T19:34:11.685Z,58ed7f5aac62dc00019366a9,asymmetry,1.0,False,42.0,ISIC_0068015,ISIC_0013204,ISIC_0068015,ISIC_0013204,1403.253000000026,0,response,0.0
trial,2023-09-06T19:34:14.233Z,58ed7f5aac62dc00019366a9,asymmetry,1.0,False,43.0,ISIC_0059722,ISIC_0011484,ISIC_0011484,ISIC_0059722,1035.258999976213,1,response,0.0
trial,2023-09-06T19:34:16.980Z,58ed7f5aac62dc00019366a9,asymmetry,1.0,False,44.0,ISIC_5048571,ISIC_0063425,ISIC_5048571,ISIC_0063425,1231.8379999761241,0,response,0.0
trial,2023-09-06T19:34:19.742Z,58ed7f5aac62dc00019366a9,asymmetry,1.0,False,45.0,ISIC_5883331,ISIC_5839679,ISIC_5839679,ISIC_5883331,1243.3980000476586,1,response,0.0
trial,2023-09-06T19:34:22.354Z,58ed7f5aac62dc00019366a9,asymmetry,1.0,False,46.0,ISIC_0033125,ISIC_3501997,ISIC_0033125,ISIC_3501997,1106.6199999761302,0,response,0.0
trial,2023-09-06T19:34:25.048Z,58ed7f5aac62dc00019366a9,asymmetry,1.0,False,47.0,ISIC_9568138,ISIC_0072171,ISIC_9568138,ISIC_0072171,1183.8310000238707,0,response,0.0
trial,2023-09-06T19:34:27.781Z,58ed7f5aac62dc00019366a9,asymmetry,1.0,False,48.0,ISIC_0060452,ISIC_5895384,ISIC_5895384,ISIC_0060452,1216.9649999761023,1,response,0.0
trial,2023-09-06T19:34:30.495Z,58ed7f5aac62dc00019366a9,asymmetry,1.0,False,49.0,ISIC_6831482,ISIC_5434055,ISIC_5434055,ISIC_6831482,1197.389000023832,1,response,0.0
trial,2023-09-06T19:34:34.099Z,58ed7f5aac62dc00019366a9,asymmetry,1.0,False,50.0,ISIC_6413346,ISIC_6732560,ISIC_6732560,ISIC_6413346,2101.3090000000084,1,response,0.0
trial,2023-09-06T19:34:49.085Z,58ed7f5aac62dc00019366a9,asymmetry,2.0,False,1.0,ISIC_5647697,ISIC_8433108,ISIC_8433108,ISIC_5647697,1821.6410000476758,1,response,0.0
trial,2023-09-06T19:34:52.307Z,58ed7f5aac62dc00019366a9,asymmetry,2.0,False,2.0,ISIC_0066209,ISIC_0067235,ISIC_0066209,ISIC_0067235,1710.3970000238623,0,response,0.0
trial,2023-09-06T19:34:55.446Z,58ed7f5aac62dc00019366a9,asymmetry,2.0,False,3.0,ISIC_0010014,ISIC_0055081,ISIC_0010014,ISIC_0055081,1633.335000023828,0,response,0.0
trial,2023-09-06T19:34:58.366Z,58ed7f5aac62dc00019366a9,asymmetry,2.0,False,4.0,ISIC_0024271,ISIC_1223648,ISIC_1223648,ISIC_0024271,1403.3219999761782,1,response,0.0
trial,2023-09-06T19:35:01.009Z,58ed7f5aac62dc00019366a9,asymmetry,2.0,False,5.0,ISIC_4614604,ISIC_0031208,ISIC_0031208,ISIC_4614604,1129.7309999761642,1,response,0.0
trial,2023-09-06T19:35:03.688Z,58ed7f5aac62dc00019366a9,asymmetry,2.0,False,6.0,ISIC_6617840,ISIC_0025343,ISIC_6617840,ISIC_0025343,1175.426000071573,0,response,0.0
trial,2023-09-06T19:35:07.005Z,58ed7f5aac62dc00019366a9,asymmetry,2.0,False,7.0,ISIC_0066358,ISIC_0009230,ISIC_0066358,ISIC_0009230,1809.1130000238768,0,response,0.0
trial,2023-09-06T19:35:10.038Z,58ed7f5aac62dc00019366a9,asymmetry,2.0,False,8.0,ISIC_0066740,ISIC_0024313,ISIC_0024313,ISIC_0066740,1525.414999976172,1,response,0.0
trial,2023-09-06T19:35:12.761Z,58ed7f5aac62dc00019366a9,asymmetry,2.0,False,9.0,ISIC_0033104,ISIC_2167209,ISIC_0033104,ISIC_2167209,1215.6130000714911,0,response,0.0
trial,2023-09-06T19:35:15.939Z,58ed7f5aac62dc00019366a9,asymmetry,2.0,False,10.0,ISIC_4322723,ISIC_3493866,ISIC_4322723,ISIC_3493866,1660.5370000000112,0,response,0.0
trial,2023-09-06T19:35:19.271Z,58ed7f5aac62dc00019366a9,asymmetry,2.0,False,11.0,ISIC_0031844,ISIC_0056819,ISIC_0056819,ISIC_0031844,1826.0239999761102,1,response,0.0
trial,2023-09-06T19:35:22.914Z,58ed7f5aac62dc00019366a9,asymmetry,2.0,False,12.0,ISIC_3817292,ISIC_3952030,ISIC_3817292,ISIC_3952030,2136.051000023843,0,response,0.0
trial,2023-09-06T19:35:26.807Z,58ed7f5aac62dc00019366a9,asymmetry,2.0,False,13.0,ISIC_0057531,ISIC_0059412,ISIC_0059412,ISIC_0057531,2378.6269999999786,1,response,0.0
trial,2023-09-06T19:35:29.675Z,58ed7f5aac62dc00019366a9,asymmetry,2.0,False,14.0,ISIC_0010636,ISIC_0063980,ISIC_0063980,ISIC_0010636,1363.7910000715642,1,response,0.0
trial,2023-09-06T19:35:33.247Z,58ed7f5aac62dc00019366a9,asymmetry,2.0,False,15.0,ISIC_0026700,ISIC_1744817,ISIC_1744817,ISIC_0026700,2069.4189999761293,1,response,0.0
trial,2023-09-06T19:35:36.251Z,58ed7f5aac62dc00019366a9,asymmetry,2.0,False,16.0,ISIC_0031070,ISIC_6773367,ISIC_0031070,ISIC_6773367,1489.724999976112,0,response,0.0
trial,2023-09-06T19:35:39.663Z,58ed7f5aac62dc00019366a9,asymmetry,2.0,False,17.0,ISIC_2268341,ISIC_0032130,ISIC_2268341,ISIC_0032130,1902.515000000014,0,response,0.0
trial,2023-09-06T19:35:43.412Z,58ed7f5aac62dc00019366a9,asymmetry,2.0,False,18.0,ISIC_3436033,ISIC_3163773,ISIC_3163773,ISIC_3436033,2217.856000023894,1,response,0.0
trial,2023-09-06T19:35:46.896Z,58ed7f5aac62dc00019366a9,asymmetry,2.0,False,19.0,ISIC_0072714,ISIC_5164416,ISIC_5164416,ISIC_0072714,1968.6310000000522,1,response,0.0
trial,2023-09-06T19:35:50.052Z,58ed7f5aac62dc00019366a9,asymmetry,2.0,False,20.0,ISIC_2143002,ISIC_8356468,ISIC_2143002,ISIC_8356468,1641.9930000000168,0,response,0.0
trial,2023-09-06T19:35:53.273Z,58ed7f5aac62dc00019366a9,asymmetry,2.0,False,21.0,ISIC_0068166,ISIC_0032152,ISIC_0068166,ISIC_0032152,1713.2820000238721,0,response,0.0
trial,2023-09-06T19:35:56.397Z,58ed7f5aac62dc00019366a9,asymmetry,2.0,False,22.0,ISIC_0032424,ISIC_8922355,ISIC_0032424,ISIC_8922355,1604.1820000476441,0,response,0.0
trial,2023-09-06T19:35:59.265Z,58ed7f5aac62dc00019366a9,asymmetry,2.0,False,23.0,ISIC_0010998,ISIC_8955135,ISIC_0010998,ISIC_8955135,1355.0209999999497,0,response,0.0
trial,2023-09-06T19:36:03.524Z,58ed7f5aac62dc00019366a9,asymmetry,2.0,False,24.0,ISIC_0024525,ISIC_7025487,ISIC_0024525,ISIC_7025487,2748.1020000476856,0,response,0.0
trial,2023-09-06T19:36:06.297Z,58ed7f5aac62dc00019366a9,asymmetry,2.0,False,25.0,ISIC_6066292,ISIC_9121369,ISIC_9121369,ISIC_6066292,1254.337000047672,1,response,0.0
trial,2023-09-06T19:36:09.596Z,58ed7f5aac62dc00019366a9,asymmetry,2.0,False,26.0,ISIC_0004907,ISIC_0072748,ISIC_0072748,ISIC_0004907,1770.51000004774,1,response,0.0
trial,2023-09-06T19:36:12.752Z,58ed7f5aac62dc00019366a9,asymmetry,2.0,False,27.0,ISIC_0054941,ISIC_1850674,ISIC_0054941,ISIC_1850674,1642.8900000476278,0,response,0.0
trial,2023-09-06T19:36:16.043Z,58ed7f5aac62dc00019366a9,asymmetry,2.0,False,28.0,ISIC_1983754,ISIC_5922588,ISIC_1983754,ISIC_5922588,1784.1450000714976,0,response,0.0
trial,2023-09-06T19:36:19.761Z,58ed7f5aac62dc00019366a9,asymmetry,2.0,False,29.0,ISIC_3249704,ISIC_3474681,ISIC_3249704,ISIC_3474681,2202.313999976148,0,response,0.0
trial,2023-09-06T19:36:22.677Z,58ed7f5aac62dc00019366a9,asymmetry,2.0,False,30.0,ISIC_8503961,ISIC_0024265,ISIC_0024265,ISIC_8503961,1401.9509999761358,1,response,0.0
trial,2023-09-06T19:36:25.529Z,58ed7f5aac62dc00019366a9,asymmetry,2.0,False,31.0,ISIC_0029290,ISIC_0580054,ISIC_0029290,ISIC_0580054,1320.8149999999441,0,response,0.0
trial,2023-09-06T19:36:28.493Z,58ed7f5aac62dc00019366a9,asymmetry,2.0,False,32.0,ISIC_0072215,ISIC_6253295,ISIC_0072215,ISIC_6253295,1451.7220000238158,0,response,0.0
trial,2023-09-06T19:36:31.473Z,58ed7f5aac62dc00019366a9,asymmetry,2.0,False,33.0,ISIC_9808863,ISIC_0025085,ISIC_9808863,ISIC_0025085,1464.8210000477266,0,response,0.0
trial,2023-09-06T19:36:34.150Z,58ed7f5aac62dc00019366a9,asymmetry,2.0,False,34.0,ISIC_8747095,ISIC_0033966,ISIC_8747095,ISIC_0033966,1158.3350000715582,0,response,0.0
trial,2023-09-06T19:36:36.941Z,58ed7f5aac62dc00019366a9,asymmetry,2.0,False,35.0,ISIC_0029021,ISIC_7844825,ISIC_0029021,ISIC_7844825,1283.5370000238763,0,response,0.0
trial,2023-09-06T19:36:39.985Z,58ed7f5aac62dc00019366a9,asymmetry,2.0,False,36.0,ISIC_8690205,ISIC_9088073,ISIC_9088073,ISIC_8690205,1527.6310000238009,1,response,0.0
trial,2023-09-06T19:36:43.207Z,58ed7f5aac62dc00019366a9,asymmetry,2.0,False,37.0,ISIC_3893354,ISIC_0032226,ISIC_3893354,ISIC_0032226,1716.1860000715824,0,response,0.0
trial,2023-09-06T19:36:45.835Z,58ed7f5aac62dc00019366a9,asymmetry,2.0,False,38.0,ISIC_0056900,ISIC_0031295,ISIC_0031295,ISIC_0056900,1111.2190000476548,1,response,0.0
trial,2023-09-06T19:36:49.072Z,58ed7f5aac62dc00019366a9,asymmetry,2.0,False,39.0,ISIC_0028405,ISIC_2577938,ISIC_0028405,ISIC_2577938,1731.7830000238027,0,response,0.0
trial,2023-09-06T19:36:51.812Z,58ed7f5aac62dc00019366a9,asymmetry,2.0,False,40.0,ISIC_8626941,ISIC_0070940,ISIC_0070940,ISIC_8626941,1220.862999976147,1,response,0.0
trial,2023-09-06T19:36:54.920Z,58ed7f5aac62dc00019366a9,asymmetry,2.0,False,41.0,ISIC_0011305,ISIC_0062770,ISIC_0011305,ISIC_0062770,1596.9070000477368,0,response,0.0
trial,2023-09-06T19:36:57.969Z,58ed7f5aac62dc00019366a9,asymmetry,2.0,False,42.0,ISIC_0160831,ISIC_2283628,ISIC_2283628,ISIC_0160831,1545.2780000000494,1,response,0.0
trial,2023-09-06T19:37:00.867Z,58ed7f5aac62dc00019366a9,asymmetry,2.0,False,43.0,ISIC_0000507,ISIC_0063556,ISIC_0063556,ISIC_0000507,1394.2140000715158,1,response,0.0
trial,2023-09-06T19:37:03.862Z,58ed7f5aac62dc00019366a9,asymmetry,2.0,False,44.0,ISIC_0054914,ISIC_4894929,ISIC_0054914,ISIC_4894929,1489.1119999999646,0,response,0.0
trial,2023-09-06T19:37:07.690Z,58ed7f5aac62dc00019366a9,asymmetry,2.0,False,45.0,ISIC_3650533,ISIC_0072733,ISIC_3650533,ISIC_0072733,2316.956000047736,0,response,0.0
trial,2023-09-06T19:37:10.782Z,58ed7f5aac62dc00019366a9,asymmetry,2.0,False,46.0,ISIC_7216266,ISIC_0884550,ISIC_7216266,ISIC_0884550,1576.0989999761805,0,response,0.0
trial,2023-09-06T19:37:13.825Z,58ed7f5aac62dc00019366a9,asymmetry,2.0,False,47.0,ISIC_0028041,ISIC_9788174,ISIC_9788174,ISIC_0028041,1519.317000047653,1,response,0.0
trial,2023-09-06T19:37:16.757Z,58ed7f5aac62dc00019366a9,asymmetry,2.0,False,48.0,ISIC_0025755,ISIC_0069274,ISIC_0025755,ISIC_0069274,1401.4139999999898,0,response,0.0
trial,2023-09-06T19:37:20.284Z,58ed7f5aac62dc00019366a9,asymmetry,2.0,False,49.0,ISIC_6646939,ISIC_5778927,ISIC_5778927,ISIC_6646939,2011.9430000238358,1,response,0.0
trial,2023-09-06T19:37:23.190Z,58ed7f5aac62dc00019366a9,asymmetry,2.0,False,50.0,ISIC_9323095,ISIC_0778327,ISIC_0778327,ISIC_9323095,1401.5100000238745,1,response,0.0
trial,2023-09-06T19:37:57.353Z,58ed7f5aac62dc00019366a9,asymmetry,3.0,False,1.0,ISIC_8559515,ISIC_0011013,ISIC_0011013,ISIC_8559515,1349.2880000476725,1,response,0.0
trial,2023-09-06T19:38:00.174Z,58ed7f5aac62dc00019366a9,asymmetry,3.0,False,2.0,ISIC_0057858,ISIC_0032872,ISIC_0032872,ISIC_0057858,1304.7360000715125,1,response,0.0
trial,2023-09-06T19:38:02.709Z,58ed7f5aac62dc00019366a9,asymmetry,3.0,False,3.0,ISIC_0351547,ISIC_0032596,ISIC_0032596,ISIC_0351547,1022.8099999761907,1,response,0.0
trial,2023-09-06T19:38:05.386Z,58ed7f5aac62dc00019366a9,asymmetry,3.0,False,4.0,ISIC_0069995,ISIC_8325260,ISIC_0069995,ISIC_8325260,1166.6909999761265,0,response,0.0
trial,2023-09-06T19:38:08.878Z,58ed7f5aac62dc00019366a9,asymmetry,3.0,False,5.0,ISIC_0065597,ISIC_2418276,ISIC_2418276,ISIC_0065597,1975.7030000238447,1,response,0.0
trial,2023-09-06T19:38:14.326Z,58ed7f5aac62dc00019366a9,asymmetry,3.0,False,6.0,ISIC_9087221,ISIC_0031582,ISIC_9087221,ISIC_0031582,3940.116000047652,0,response,0.0
trial,2023-09-06T19:38:17.001Z,58ed7f5aac62dc00019366a9,asymmetry,3.0,False,7.0,ISIC_2993032,ISIC_2167209,ISIC_2993032,ISIC_2167209,1166.1039999761852,0,response,0.0
trial,2023-09-06T19:38:19.805Z,58ed7f5aac62dc00019366a9,asymmetry,3.0,False,8.0,ISIC_0060773,ISIC_0024999,ISIC_0024999,ISIC_0060773,1286.2059999761404,1,response,0.0
trial,2023-09-06T19:38:22.872Z,58ed7f5aac62dc00019366a9,asymmetry,3.0,False,9.0,ISIC_1185006,ISIC_2209697,ISIC_2209697,ISIC_1185006,1553.893000071519,1,response,0.0
trial,2023-09-06T19:38:25.536Z,58ed7f5aac62dc00019366a9,asymmetry,3.0,False,10.0,ISIC_8064866,ISIC_4915897,ISIC_8064866,ISIC_4915897,1151.6940000238828,0,response,0.0
trial,2023-09-06T19:38:28.356Z,58ed7f5aac62dc00019366a9,asymmetry,3.0,False,11.0,ISIC_0066143,ISIC_4876378,ISIC_0066143,ISIC_4876378,1304.4829999761423,0,response,0.0
trial,2023-09-06T19:38:30.991Z,58ed7f5aac62dc00019366a9,asymmetry,3.0,False,12.0,ISIC_8010862,ISIC_9765760,ISIC_9765760,ISIC_8010862,1122.2200000238372,1,response,0.0
trial,2023-09-06T19:38:33.651Z,58ed7f5aac62dc00019366a9,asymmetry,3.0,False,13.0,ISIC_1870415,ISIC_0033063,ISIC_1870415,ISIC_0033063,1148.6190000715437,0,response,0.0
trial,2023-09-06T19:38:36.214Z,58ed7f5aac62dc00019366a9,asymmetry,3.0,False,14.0,ISIC_1788979,ISIC_0010965,ISIC_0010965,ISIC_1788979,1046.1720000714995,1,response,0.0
trial,2023-09-06T19:38:39.004Z,58ed7f5aac62dc00019366a9,asymmetry,3.0,False,15.0,ISIC_0026802,ISIC_1452549,ISIC_0026802,ISIC_1452549,1286.2940000714734,0,response,0.0
trial,2023-09-06T19:38:41.840Z,58ed7f5aac62dc00019366a9,asymmetry,3.0,False,16.0,ISIC_0953675,ISIC_0053485,ISIC_0053485,ISIC_0953675,1321.6920000237878,1,response,0.0
trial,2023-09-06T19:38:44.567Z,58ed7f5aac62dc00019366a9,asymmetry,3.0,False,17.0,ISIC_3747979,ISIC_0000413,ISIC_0000413,ISIC_3747979,1215.8360000000102,1,response,0.0
trial,2023-09-06T19:38:47.499Z,58ed7f5aac62dc00019366a9,asymmetry,3.0,False,18.0,ISIC_0046932,ISIC_0026204,ISIC_0026204,ISIC_0046932,1414.4520000476623,1,response,0.0
trial,2023-09-06T19:38:50.383Z,58ed7f5aac62dc00019366a9,asymmetry,3.0,False,19.0,ISIC_0000313,ISIC_8484660,ISIC_8484660,ISIC_0000313,1381.8950000476325,1,response,0.0
trial,2023-09-06T19:38:53.287Z,58ed7f5aac62dc00019366a9,asymmetry,3.0,False,20.0,ISIC_0026272,ISIC_3430447,ISIC_3430447,ISIC_0026272,1384.990000047721,1,response,0.0
trial,2023-09-06T19:38:56.542Z,58ed7f5aac62dc00019366a9,asymmetry,3.0,False,21.0,ISIC_5992534,ISIC_5557025,ISIC_5992534,ISIC_5557025,1741.637000023853,0,response,0.0
trial,2023-09-06T19:38:59.428Z,58ed7f5aac62dc00019366a9,asymmetry,3.0,False,22.0,ISIC_0034106,ISIC_9956400,ISIC_9956400,ISIC_0034106,1377.2149999999674,1,response,0.0
trial,2023-09-06T19:39:02.535Z,58ed7f5aac62dc00019366a9,asymmetry,3.0,False,23.0,ISIC_4752144,ISIC_7008335,ISIC_7008335,ISIC_4752144,1600.98199999996,1,response,0.0
trial,2023-09-06T19:39:05.467Z,58ed7f5aac62dc00019366a9,asymmetry,3.0,False,24.0,ISIC_3878174,ISIC_0007084,ISIC_3878174,ISIC_0007084,1417.1190000476781,0,response,0.0
trial,2023-09-06T19:39:08.929Z,58ed7f5aac62dc00019366a9,asymmetry,3.0,False,25.0,ISIC_0026659,ISIC_8527092,ISIC_0026659,ISIC_8527092,1945.889000023832,0,response,0.0
trial,2023-09-06T19:39:11.719Z,58ed7f5aac62dc00019366a9,asymmetry,3.0,False,26.0,ISIC_5821293,ISIC_3463156,ISIC_5821293,ISIC_3463156,1285.376999976113,0,response,0.0
trial,2023-09-06T19:39:14.700Z,58ed7f5aac62dc00019366a9,asymmetry,3.0,False,27.0,ISIC_6995731,ISIC_7651838,ISIC_7651838,ISIC_6995731,1467.241000023787,1,response,0.0
trial,2023-09-06T19:39:17.623Z,58ed7f5aac62dc00019366a9,asymmetry,3.0,False,28.0,ISIC_4468549,ISIC_0062401,ISIC_0062401,ISIC_4468549,1406.514000023832,1,response,0.0
trial,2023-09-06T19:39:20.604Z,58ed7f5aac62dc00019366a9,asymmetry,3.0,False,29.0,ISIC_0013411,ISIC_0002853,ISIC_0013411,ISIC_0002853,1471.0480000238167,0,response,0.0
trial,2023-09-06T19:39:24.131Z,58ed7f5aac62dc00019366a9,asymmetry,3.0,False,30.0,ISIC_0028320,ISIC_8171432,ISIC_0028320,ISIC_8171432,2015.427000047639,0,response,0.0
trial,2023-09-06T19:39:27.095Z,58ed7f5aac62dc00019366a9,asymmetry,3.0,False,31.0,ISIC_6617618,ISIC_1497800,ISIC_1497800,ISIC_6617618,1429.0560000238474,1,response,0.0
trial,2023-09-06T19:39:30.378Z,58ed7f5aac62dc00019366a9,asymmetry,3.0,False,32.0,ISIC_1380069,ISIC_7096885,ISIC_7096885,ISIC_1380069,1779.1569999761414,1,response,0.0
trial,2023-09-06T19:39:34.738Z,58ed7f5aac62dc00019366a9,asymmetry,3.0,False,33.0,ISIC_0033444,ISIC_0218072,ISIC_0218072,ISIC_0033444,2855.7480000476353,1,response,0.0
trial,2023-09-06T19:39:37.916Z,58ed7f5aac62dc00019366a9,asymmetry,3.0,False,34.0,ISIC_0024545,ISIC_7747712,ISIC_0024545,ISIC_7747712,1667.8580000714865,0,response,0.0
trial,2023-09-06T19:39:41.345Z,58ed7f5aac62dc00019366a9,asymmetry,3.0,False,35.0,ISIC_5336548,ISIC_4102922,ISIC_5336548,ISIC_4102922,1912.8579999761423,0,response,0.0
trial,2023-09-06T19:39:44.749Z,58ed7f5aac62dc00019366a9,asymmetry,3.0,False,36.0,ISIC_3799267,ISIC_3181394,ISIC_3799267,ISIC_3181394,1901.0250000238884,0,response,0.0
trial,2023-09-06T19:39:47.473Z,58ed7f5aac62dc00019366a9,asymmetry,3.0,False,37.0,ISIC_0027248,ISIC_0013936,ISIC_0027248,ISIC_0013936,1207.5870000000577,0,response,0.0
trial,2023-09-06T19:39:50.180Z,58ed7f5aac62dc00019366a9,asymmetry,3.0,False,38.0,ISIC_0011135,ISIC_9485536,ISIC_0011135,ISIC_9485536,1199.0210000238148,0,response,0.0
trial,2023-09-06T19:39:53.503Z,58ed7f5aac62dc00019366a9,asymmetry,3.0,False,39.0,ISIC_6657600,ISIC_0000539,ISIC_6657600,ISIC_0000539,1804.8490000237944,0,response,0.0
trial,2023-09-06T19:39:56.711Z,58ed7f5aac62dc00019366a9,asymmetry,3.0,False,40.0,ISIC_2221217,ISIC_2449919,ISIC_2221217,ISIC_2449919,1697.0400000476511,0,response,0.0
trial,2023-09-06T19:39:59.792Z,58ed7f5aac62dc00019366a9,asymmetry,3.0,False,41.0,ISIC_0060233,ISIC_0062935,ISIC_0062935,ISIC_0060233,1577.6310000238009,1,response,0.0
trial,2023-09-06T19:40:02.596Z,58ed7f5aac62dc00019366a9,asymmetry,3.0,False,42.0,ISIC_0027100,ISIC_0026364,ISIC_0026364,ISIC_0027100,1298.742999976152,1,response,0.0
trial,2023-09-06T19:40:05.691Z,58ed7f5aac62dc00019366a9,asymmetry,3.0,False,43.0,ISIC_6024335,ISIC_7278885,ISIC_6024335,ISIC_7278885,1577.3349999999627,0,response,0.0
trial,2023-09-06T19:40:08.511Z,58ed7f5aac62dc00019366a9,asymmetry,3.0,False,44.0,ISIC_1690909,ISIC_0059571,ISIC_0059571,ISIC_1690909,1313.939000047627,1,response,0.0
trial,2023-09-06T19:40:11.666Z,58ed7f5aac62dc00019366a9,asymmetry,3.0,False,45.0,ISIC_0033384,ISIC_5805349,ISIC_0033384,ISIC_5805349,1652.8690000476781,0,response,0.0
trial,2023-09-06T19:40:15.157Z,58ed7f5aac62dc00019366a9,asymmetry,3.0,False,46.0,ISIC_2011145,ISIC_0055241,ISIC_2011145,ISIC_0055241,1977.2420000238344,0,response,0.0
trial,2023-09-06T19:40:18.187Z,58ed7f5aac62dc00019366a9,asymmetry,3.0,False,47.0,ISIC_0030259,ISIC_0024779,ISIC_0024779,ISIC_0030259,1524.1610000238288,1,response,0.0
trial,2023-09-06T19:40:20.742Z,58ed7f5aac62dc00019366a9,asymmetry,3.0,False,48.0,ISIC_7074321,ISIC_8943855,ISIC_7074321,ISIC_8943855,1045.6030000715982,0,response,0.0
trial,2023-09-06T19:40:23.503Z,58ed7f5aac62dc00019366a9,asymmetry,3.0,False,49.0,ISIC_0906465,ISIC_0058877,ISIC_0058877,ISIC_0906465,1256.4450000000652,1,response,0.0
trial,2023-09-06T19:40:26.581Z,58ed7f5aac62dc00019366a9,asymmetry,3.0,False,50.0,ISIC_5591622,ISIC_0061108,ISIC_0061108,ISIC_5591622,1567.875,1,response,0.0
trial,2023-09-06T19:41:13.719Z,58ed7f5aac62dc00019366a9,asymmetry,4.0,False,1.0,ISIC_0010618,ISIC_9482251,ISIC_9482251,ISIC_0010618,2092.4250000715256,1,response,0.0
trial,2023-09-06T19:41:17.008Z,58ed7f5aac62dc00019366a9,asymmetry,4.0,False,2.0,ISIC_0001112,ISIC_0033055,ISIC_0001112,ISIC_0033055,1781.7569999762345,0,response,0.0
trial,2023-09-06T19:41:20.725Z,58ed7f5aac62dc00019366a9,asymmetry,4.0,False,3.0,ISIC_2616719,ISIC_8290994,ISIC_8290994,ISIC_2616719,2197.73400002392,1,response,0.0
trial,2023-09-06T19:41:23.744Z,58ed7f5aac62dc00019366a9,asymmetry,4.0,False,4.0,ISIC_0028420,ISIC_8060329,ISIC_0028420,ISIC_8060329,1501.4709999761544,0,response,0.0
trial,2023-09-06T19:41:27.496Z,58ed7f5aac62dc00019366a9,asymmetry,4.0,False,5.0,ISIC_0033616,ISIC_0009871,ISIC_0033616,ISIC_0009871,2220.307999999961,0,response,0.0
trial,2023-09-06T19:41:30.669Z,58ed7f5aac62dc00019366a9,asymmetry,4.0,False,6.0,ISIC_0069791,ISIC_0011460,ISIC_0011460,ISIC_0069791,1659.3310000237543,1,response,0.0
trial,2023-09-06T19:41:34.049Z,58ed7f5aac62dc00019366a9,asymmetry,4.0,False,7.0,ISIC_7369690,ISIC_9727132,ISIC_9727132,ISIC_7369690,1856.0790000238921,1,response,0.0
trial,2023-09-06T19:41:36.885Z,58ed7f5aac62dc00019366a9,asymmetry,4.0,False,8.0,ISIC_7242312,ISIC_0054480,ISIC_0054480,ISIC_7242312,1326.2750000716187,1,response,0.0
trial,2023-09-06T19:41:39.840Z,58ed7f5aac62dc00019366a9,asymmetry,4.0,False,9.0,ISIC_0010308,ISIC_7889838,ISIC_7889838,ISIC_0010308,1447.8680000000168,1,response,0.0
trial,2023-09-06T19:41:43.573Z,58ed7f5aac62dc00019366a9,asymmetry,4.0,False,10.0,ISIC_0726170,ISIC_3809998,ISIC_3809998,ISIC_0726170,2231.2190000477713,1,response,0.0
trial,2023-09-06T19:41:46.572Z,58ed7f5aac62dc00019366a9,asymmetry,4.0,False,11.0,ISIC_0032462,ISIC_1380069,ISIC_1380069,ISIC_0032462,1479.5430000715423,1,response,0.0
trial,2023-09-06T19:41:49.920Z,58ed7f5aac62dc00019366a9,asymmetry,4.0,False,12.0,ISIC_4343552,ISIC_0029825,ISIC_0029825,ISIC_4343552,1844.547999999952,1,response,0.0
trial,2023-09-06T19:41:53.355Z,58ed7f5aac62dc00019366a9,asymmetry,4.0,False,13.0,ISIC_2935987,ISIC_0029383,ISIC_2935987,ISIC_0029383,1930.3880000477657,0,response,0.0
trial,2023-09-06T19:41:56.226Z,58ed7f5aac62dc00019366a9,asymmetry,4.0,False,14.0,ISIC_5157775,ISIC_5507066,ISIC_5507066,ISIC_5157775,1367.4729999999981,1,response,0.0
trial,2023-09-06T19:41:59.237Z,58ed7f5aac62dc00019366a9,asymmetry,4.0,False,15.0,ISIC_6983970,ISIC_4148086,ISIC_6983970,ISIC_4148086,1495.6579999760725,0,response,0.0
trial,2023-09-06T19:42:02.762Z,58ed7f5aac62dc00019366a9,asymmetry,4.0,False,16.0,ISIC_7358691,ISIC_0013865,ISIC_0013865,ISIC_7358691,2021.212000047788,1,response,0.0
trial,2023-09-06T19:42:05.904Z,58ed7f5aac62dc00019366a9,asymmetry,4.0,False,17.0,ISIC_0072582,ISIC_8738598,ISIC_0072582,ISIC_8738598,1630.2629999760538,0,response,0.0
trial,2023-09-06T19:42:08.931Z,58ed7f5aac62dc00019366a9,asymmetry,4.0,False,18.0,ISIC_1434141,ISIC_0013258,ISIC_1434141,ISIC_0013258,1523.972000071546,0,response,0.0
trial,2023-09-06T19:42:12.456Z,58ed7f5aac62dc00019366a9,asymmetry,4.0,False,19.0,ISIC_8692950,ISIC_2975167,ISIC_8692950,ISIC_2975167,2015.7330000714865,0,response,0.0
trial,2023-09-06T19:42:15.789Z,58ed7f5aac62dc00019366a9,asymmetry,4.0,False,20.0,ISIC_7141361,ISIC_8607090,ISIC_7141361,ISIC_8607090,1814.8050000714138,0,response,0.0
trial,2023-09-06T19:42:18.592Z,58ed7f5aac62dc00019366a9,asymmetry,4.0,False,21.0,ISIC_0033724,ISIC_0011798,ISIC_0011798,ISIC_0033724,1285.033999999985,1,response,0.0
trial,2023-09-06T19:42:21.812Z,58ed7f5aac62dc00019366a9,asymmetry,4.0,False,22.0,ISIC_0031909,ISIC_7205745,ISIC_0031909,ISIC_7205745,1704.8660000239038,0,response,0.0
trial,2023-09-06T19:42:24.665Z,58ed7f5aac62dc00019366a9,asymmetry,4.0,False,23.0,ISIC_0027350,ISIC_3609379,ISIC_0027350,ISIC_3609379,1341.4700000239536,0,response,0.0
trial,2023-09-06T19:42:28.110Z,58ed7f5aac62dc00019366a9,asymmetry,4.0,False,24.0,ISIC_1356715,ISIC_0010923,ISIC_1356715,ISIC_0010923,1936.6550000477582,0,response,0.0
trial,2023-09-06T19:42:31.686Z,58ed7f5aac62dc00019366a9,asymmetry,4.0,False,25.0,ISIC_1353668,ISIC_0031999,ISIC_0031999,ISIC_1353668,2062.416000071448,1,response,0.0
trial,2023-09-06T19:42:35.696Z,58ed7f5aac62dc00019366a9,asymmetry,4.0,False,26.0,ISIC_0345607,ISIC_0060452,ISIC_0060452,ISIC_0345607,2489.583000023849,1,response,0.0
trial,2023-09-06T19:42:38.662Z,58ed7f5aac62dc00019366a9,asymmetry,4.0,False,27.0,ISIC_0058585,ISIC_1331993,ISIC_0058585,ISIC_1331993,1455.7439999999478,0,response,0.0
trial,2023-09-06T19:42:41.803Z,58ed7f5aac62dc00019366a9,asymmetry,4.0,False,28.0,ISIC_0069411,ISIC_1115013,ISIC_0069411,ISIC_1115013,1630.0789999999106,0,response,0.0
trial,2023-09-06T19:42:46.705Z,58ed7f5aac62dc00019366a9,asymmetry,4.0,False,29.0,ISIC_0003822,ISIC_0011894,ISIC_0003822,ISIC_0011894,3399.1860000477172,0,response,0.0
trial,2023-09-06T19:42:49.429Z,58ed7f5aac62dc00019366a9,asymmetry,4.0,False,30.0,ISIC_3009564,ISIC_6613150,ISIC_6613150,ISIC_3009564,1206.5660000238568,1,response,0.0
trial,2023-09-06T19:42:52.153Z,58ed7f5aac62dc00019366a9,asymmetry,4.0,False,31.0,ISIC_8866651,ISIC_0073136,ISIC_0073136,ISIC_8866651,1214.5290000000969,1,response,0.0
trial,2023-09-06T19:42:55.181Z,58ed7f5aac62dc00019366a9,asymmetry,4.0,False,32.0,ISIC_7300631,ISIC_0067006,ISIC_0067006,ISIC_7300631,1507.872000071453,1,response,0.0
trial,2023-09-06T19:42:57.880Z,58ed7f5aac62dc00019366a9,asymmetry,4.0,False,33.0,ISIC_0031709,ISIC_0011260,ISIC_0031709,ISIC_0011260,1191.770999976201,0,response,0.0
trial,2023-09-06T19:43:01.453Z,58ed7f5aac62dc00019366a9,asymmetry,4.0,False,34.0,ISIC_4921413,ISIC_8607090,ISIC_8607090,ISIC_4921413,2064.6960000477266,1,response,0.0
trial,2023-09-06T19:43:04.888Z,58ed7f5aac62dc00019366a9,asymmetry,4.0,False,35.0,ISIC_8664718,ISIC_0000535,ISIC_0000535,ISIC_8664718,1916.3629999998961,1,response,0.0
trial,2023-09-06T19:43:07.580Z,58ed7f5aac62dc00019366a9,asymmetry,4.0,False,36.0,ISIC_3882374,ISIC_9307584,ISIC_3882374,ISIC_9307584,1175.6980000000917,0,response,0.0
trial,2023-09-06T19:43:10.705Z,58ed7f5aac62dc00019366a9,asymmetry,4.0,False,37.0,ISIC_0014525,ISIC_0061029,ISIC_0061029,ISIC_0014525,1616.7680000716355,1,response,0.0
trial,2023-09-06T19:43:15.323Z,58ed7f5aac62dc00019366a9,asymmetry,4.0,False,38.0,ISIC_5729818,ISIC_4644299,ISIC_4644299,ISIC_5729818,3102.2730000000447,1,response,0.0
trial,2023-09-06T19:43:18.244Z,58ed7f5aac62dc00019366a9,asymmetry,4.0,False,39.0,ISIC_0054146,ISIC_2853290,ISIC_0054146,ISIC_2853290,1407.0340000477154,0,response,0.0
trial,2023-09-06T19:43:21.449Z,58ed7f5aac62dc00019366a9,asymmetry,4.0,False,40.0,ISIC_5296963,ISIC_0055046,ISIC_5296963,ISIC_0055046,1695.2799999760464,0,response,0.0
trial,2023-09-06T19:43:26.369Z,58ed7f5aac62dc00019366a9,asymmetry,4.0,False,41.0,ISIC_0064406,ISIC_0475506,ISIC_0475506,ISIC_0064406,3415.683000047691,1,response,0.0
trial,2023-09-06T19:43:30.328Z,58ed7f5aac62dc00019366a9,asymmetry,4.0,False,42.0,ISIC_0046626,ISIC_0031611,ISIC_0031611,ISIC_0046626,2441.5050000476185,1,response,0.0
trial,2023-09-06T19:43:33.523Z,58ed7f5aac62dc00019366a9,asymmetry,4.0,False,43.0,ISIC_0027030,ISIC_8911740,ISIC_0027030,ISIC_8911740,1686.4869999762159,0,response,0.0
trial,2023-09-06T19:43:37.912Z,58ed7f5aac62dc00019366a9,asymmetry,4.0,False,44.0,ISIC_0247197,ISIC_0011509,ISIC_0011509,ISIC_0247197,2875.631000071531,1,response,0.0
trial,2023-09-06T19:43:41.218Z,58ed7f5aac62dc00019366a9,asymmetry,4.0,False,45.0,ISIC_0011196,ISIC_0030006,ISIC_0011196,ISIC_0030006,1781.3070000715088,0,response,0.0
trial,2023-09-06T19:43:45.176Z,58ed7f5aac62dc00019366a9,asymmetry,4.0,False,46.0,ISIC_9944714,ISIC_1067390,ISIC_9944714,ISIC_1067390,2438.0370000477415,0,response,0.0
trial,2023-09-06T19:43:48.252Z,58ed7f5aac62dc00019366a9,asymmetry,4.0,False,47.0,ISIC_0056092,ISIC_0072601,ISIC_0072601,ISIC_0056092,1565.8660000239038,1,response,0.0
trial,2023-09-06T19:43:51.045Z,58ed7f5aac62dc00019366a9,asymmetry,4.0,False,48.0,ISIC_8435105,ISIC_6569060,ISIC_6569060,ISIC_8435105,1276.3370000238065,1,response,0.0
trial,2023-09-06T19:43:54.265Z,58ed7f5aac62dc00019366a9,asymmetry,4.0,False,49.0,ISIC_0030336,ISIC_0350472,ISIC_0030336,ISIC_0350472,1712.7290000477806,0,response,0.0
trial,2023-09-06T19:43:58.333Z,58ed7f5aac62dc00019366a9,asymmetry,4.0,False,50.0,ISIC_0009927,ISIC_0616491,ISIC_0009927,ISIC_0616491,2563.858000000008,0,response,0.0
trial,2023-09-06T19:44:36.029Z,58ed7f5aac62dc00019366a9,asymmetry,5.0,False,1.0,ISIC_2078053,ISIC_8298434,ISIC_2078053,ISIC_8298434,1912.10900002392,0,response,0.0
trial,2023-09-06T19:44:38.929Z,58ed7f5aac62dc00019366a9,asymmetry,5.0,False,2.0,ISIC_6269543,ISIC_0055048,ISIC_6269543,ISIC_0055048,1395.4769999999558,0,response,0.0
trial,2023-09-06T19:44:41.403Z,58ed7f5aac62dc00019366a9,asymmetry,5.0,False,3.0,ISIC_0062770,ISIC_4957315,ISIC_0062770,ISIC_4957315,969.5389999761246,0,response,0.0
trial,2023-09-06T19:44:43.966Z,58ed7f5aac62dc00019366a9,asymmetry,5.0,False,4.0,ISIC_0000042,ISIC_0011337,ISIC_0000042,ISIC_0011337,1049.706999976188,0,response,0.0
trial,2023-09-06T19:44:46.771Z,58ed7f5aac62dc00019366a9,asymmetry,5.0,False,5.0,ISIC_0027881,ISIC_1782545,ISIC_0027881,ISIC_1782545,1287.7279999998864,0,response,0.0
trial,2023-09-06T19:44:49.784Z,58ed7f5aac62dc00019366a9,asymmetry,5.0,False,6.0,ISIC_4345000,ISIC_0055289,ISIC_0055289,ISIC_4345000,1501.2560000715312,1,response,0.0
trial,2023-09-06T19:44:52.639Z,58ed7f5aac62dc00019366a9,asymmetry,5.0,False,7.0,ISIC_0032630,ISIC_0063151,ISIC_0032630,ISIC_0063151,1339.3480000714771,0,response,0.0
trial,2023-09-06T19:44:55.522Z,58ed7f5aac62dc00019366a9,asymmetry,5.0,False,8.0,ISIC_6717727,ISIC_8775014,ISIC_6717727,ISIC_8775014,1372.3860000714194,0,response,0.0
trial,2023-09-06T19:44:58.197Z,58ed7f5aac62dc00019366a9,asymmetry,5.0,False,9.0,ISIC_7283084,ISIC_0026879,ISIC_0026879,ISIC_7283084,1164.737000047695,1,response,0.0
trial,2023-09-06T19:45:01.289Z,58ed7f5aac62dc00019366a9,asymmetry,5.0,False,10.0,ISIC_6157226,ISIC_0071733,ISIC_6157226,ISIC_0071733,1572.5250000238884,0,response,0.0
trial,2023-09-06T19:45:04.013Z,58ed7f5aac62dc00019366a9,asymmetry,5.0,False,11.0,ISIC_2801008,ISIC_0011717,ISIC_0011717,ISIC_2801008,1213.8500000475906,1,response,0.0
trial,2023-09-06T19:45:07.040Z,58ed7f5aac62dc00019366a9,asymmetry,5.0,False,12.0,ISIC_1306790,ISIC_0010879,ISIC_0010879,ISIC_1306790,1524.9319999760478,1,response,0.0
trial,2023-09-06T19:45:09.796Z,58ed7f5aac62dc00019366a9,asymmetry,5.0,False,13.0,ISIC_0567814,ISIC_0033272,ISIC_0567814,ISIC_0033272,1248.039000047604,0,response,0.0
trial,2023-09-06T19:45:12.651Z,58ed7f5aac62dc00019366a9,asymmetry,5.0,False,14.0,ISIC_8909545,ISIC_5530598,ISIC_5530598,ISIC_8909545,1335.3460000476334,1,response,0.0
trial,2023-09-06T19:45:15.478Z,58ed7f5aac62dc00019366a9,asymmetry,5.0,False,15.0,ISIC_9204678,ISIC_6398283,ISIC_6398283,ISIC_9204678,1313.53600000008,1,response,0.0
trial,2023-09-06T19:45:18.684Z,58ed7f5aac62dc00019366a9,asymmetry,5.0,False,16.0,ISIC_0029672,ISIC_0034100,ISIC_0034100,ISIC_0029672,1702.649000047706,1,response,0.0
trial,2023-09-06T19:45:22.640Z,58ed7f5aac62dc00019366a9,asymmetry,5.0,False,17.0,ISIC_0010278,ISIC_0026552,ISIC_0010278,ISIC_0026552,2442.41599997622,0,response,0.0
trial,2023-09-06T19:45:25.493Z,58ed7f5aac62dc00019366a9,asymmetry,5.0,False,18.0,ISIC_1515947,ISIC_8543040,ISIC_1515947,ISIC_8543040,1328.2220000477973,0,response,0.0
trial,2023-09-06T19:45:28.328Z,58ed7f5aac62dc00019366a9,asymmetry,5.0,False,19.0,ISIC_9879347,ISIC_8278688,ISIC_8278688,ISIC_9879347,1330.3459999999031,1,response,0.0
trial,2023-09-06T19:45:31.051Z,58ed7f5aac62dc00019366a9,asymmetry,5.0,False,20.0,ISIC_1509635,ISIC_0054206,ISIC_1509635,ISIC_0054206,1220.6720000000205,0,response,0.0
trial,2023-09-06T19:45:33.840Z,58ed7f5aac62dc00019366a9,asymmetry,5.0,False,21.0,ISIC_0028800,ISIC_4874581,ISIC_4874581,ISIC_0028800,1276.2660000715405,1,response,0.0
trial,2023-09-06T19:45:36.691Z,58ed7f5aac62dc00019366a9,asymmetry,5.0,False,22.0,ISIC_9640145,ISIC_0059959,ISIC_9640145,ISIC_0059959,1344.355000047712,0,response,0.0
trial,2023-09-06T19:45:39.452Z,58ed7f5aac62dc00019366a9,asymmetry,5.0,False,23.0,ISIC_0032954,ISIC_0033876,ISIC_0033876,ISIC_0032954,1255.217000071425,1,response,0.0
trial,2023-09-06T19:45:42.484Z,58ed7f5aac62dc00019366a9,asymmetry,5.0,False,24.0,ISIC_0006772,ISIC_4846741,ISIC_4846741,ISIC_0006772,1520.4259999999776,1,response,0.0
trial,2023-09-06T19:45:45.082Z,58ed7f5aac62dc00019366a9,asymmetry,5.0,False,25.0,ISIC_0000516,ISIC_0014931,ISIC_0000516,ISIC_0014931,1085.6780000000726,0,response,0.0
trial,2023-09-06T19:45:47.743Z,58ed7f5aac62dc00019366a9,asymmetry,5.0,False,26.0,ISIC_0015250,ISIC_0029902,ISIC_0015250,ISIC_0029902,1146.55300004757,0,response,0.0
trial,2023-09-06T19:45:51.833Z,58ed7f5aac62dc00019366a9,asymmetry,5.0,False,27.0,ISIC_8389839,ISIC_0061562,ISIC_8389839,ISIC_0061562,2586.46399999992,0,response,0.0
trial,2023-09-06T19:45:54.916Z,58ed7f5aac62dc00019366a9,asymmetry,5.0,False,28.0,ISIC_0000118,ISIC_3453832,ISIC_0000118,ISIC_3453832,1570.238000047626,0,response,0.0
trial,2023-09-06T19:45:57.565Z,58ed7f5aac62dc00019366a9,asymmetry,5.0,False,29.0,ISIC_0026780,ISIC_4177450,ISIC_0026780,ISIC_4177450,1135.5519999999087,0,response,0.0
trial,2023-09-06T19:46:00.121Z,58ed7f5aac62dc00019366a9,asymmetry,5.0,False,30.0,ISIC_9605122,ISIC_0063642,ISIC_9605122,ISIC_0063642,1041.7110000238754,0,response,0.0
trial,2023-09-06T19:46:03.137Z,58ed7f5aac62dc00019366a9,asymmetry,5.0,False,31.0,ISIC_0070351,ISIC_0061829,ISIC_0070351,ISIC_0061829,1507.8350000239443,0,response,0.0
trial,2023-09-06T19:46:05.464Z,58ed7f5aac62dc00019366a9,asymmetry,5.0,False,32.0,ISIC_0000466,ISIC_0057362,ISIC_0000466,ISIC_0057362,818.3520000239369,0,response,0.0
trial,2023-09-06T19:46:08.108Z,58ed7f5aac62dc00019366a9,asymmetry,5.0,False,33.0,ISIC_0062559,ISIC_0055240,ISIC_0062559,ISIC_0055240,1129.4850000001024,0,response,0.0
trial,2023-09-06T19:46:10.693Z,58ed7f5aac62dc00019366a9,asymmetry,5.0,False,34.0,ISIC_0059065,ISIC_0027067,ISIC_0059065,ISIC_0027067,1081.2720000001136,0,response,0.0
trial,2023-09-06T19:46:13.952Z,58ed7f5aac62dc00019366a9,asymmetry,5.0,False,35.0,ISIC_0026655,ISIC_0033017,ISIC_0033017,ISIC_0026655,1739.9209999761079,1,response,0.0
trial,2023-09-06T19:46:16.853Z,58ed7f5aac62dc00019366a9,asymmetry,5.0,False,36.0,ISIC_9066201,ISIC_0024752,ISIC_0024752,ISIC_9066201,1391.6750000000466,1,response,0.0
trial,2023-09-06T19:46:20.031Z,58ed7f5aac62dc00019366a9,asymmetry,5.0,False,37.0,ISIC_0060386,ISIC_3728352,ISIC_0060386,ISIC_3728352,1669.4190000237431,0,response,0.0
trial,2023-09-06T19:46:23.201Z,58ed7f5aac62dc00019366a9,asymmetry,5.0,False,38.0,ISIC_0030718,ISIC_0014860,ISIC_0014860,ISIC_0030718,1656.9639999761712,1,response,0.0
trial,2023-09-06T19:46:26.532Z,58ed7f5aac62dc00019366a9,asymmetry,5.0,False,39.0,ISIC_0030519,ISIC_0011459,ISIC_0011459,ISIC_0030519,1821.02100004768,1,response,0.0
trial,2023-09-06T19:46:29.303Z,58ed7f5aac62dc00019366a9,asymmetry,5.0,False,40.0,ISIC_0012150,ISIC_8140072,ISIC_8140072,ISIC_0012150,1259.3139999762643,1,response,0.0
trial,2023-09-06T19:46:32.171Z,58ed7f5aac62dc00019366a9,asymmetry,5.0,False,41.0,ISIC_0844312,ISIC_5063476,ISIC_5063476,ISIC_0844312,1360.5310000239406,1,response,0.0
trial,2023-09-06T19:46:35.106Z,58ed7f5aac62dc00019366a9,asymmetry,5.0,False,42.0,ISIC_0010081,ISIC_0011917,ISIC_0011917,ISIC_0010081,1428.0880000714678,1,response,0.0
trial,2023-09-06T19:46:38.155Z,58ed7f5aac62dc00019366a9,asymmetry,5.0,False,43.0,ISIC_0026188,ISIC_3059367,ISIC_0026188,ISIC_3059367,1544.8170000237878,0,response,0.0
trial,2023-09-06T19:46:40.435Z,58ed7f5aac62dc00019366a9,asymmetry,5.0,False,44.0,ISIC_0054341,ISIC_0033232,ISIC_0054341,ISIC_0033232,774.9750000238419,0,response,0.0
trial,2023-09-06T19:46:44.791Z,58ed7f5aac62dc00019366a9,asymmetry,5.0,False,45.0,ISIC_0010349,ISIC_8357415,ISIC_0010349,ISIC_8357415,2847.1670000476297,0,response,0.0
trial,2023-09-06T19:46:47.869Z,58ed7f5aac62dc00019366a9,asymmetry,5.0,False,46.0,ISIC_2253931,ISIC_0014221,ISIC_2253931,ISIC_0014221,1575.1670000716117,0,response,0.0
trial,2023-09-06T19:46:51.154Z,58ed7f5aac62dc00019366a9,asymmetry,5.0,False,47.0,ISIC_0063258,ISIC_0010750,ISIC_0010750,ISIC_0063258,1777.530000071507,1,response,0.0
trial,2023-09-06T19:46:54.055Z,58ed7f5aac62dc00019366a9,asymmetry,5.0,False,48.0,ISIC_0010648,ISIC_0026236,ISIC_0010648,ISIC_0026236,1395.6850000477862,0,response,0.0
trial,2023-09-06T19:46:57.083Z,58ed7f5aac62dc00019366a9,asymmetry,5.0,False,49.0,ISIC_6971606,ISIC_7840728,ISIC_7840728,ISIC_6971606,1523.471000071615,1,response,0.0
trial,2023-09-06T19:47:00.126Z,58ed7f5aac62dc00019366a9,asymmetry,5.0,False,50.0,ISIC_9354965,ISIC_1097830,ISIC_1097830,ISIC_9354965,1533.8510000715032,1,response,0.0
trial,2023-09-06T19:47:23.188Z,58ed7f5aac62dc00019366a9,asymmetry,6.0,False,1.0,ISIC_3762459,ISIC_1161370,ISIC_1161370,ISIC_3762459,1246.6389999762177,1,response,0.0
trial,2023-09-06T19:47:26.575Z,58ed7f5aac62dc00019366a9,asymmetry,6.0,False,2.0,ISIC_6458982,ISIC_0067830,ISIC_6458982,ISIC_0067830,1883.9130000239238,0,response,0.0
trial,2023-09-06T19:47:30.380Z,58ed7f5aac62dc00019366a9,asymmetry,6.0,False,3.0,ISIC_0070940,ISIC_0068627,ISIC_0068627,ISIC_0070940,2288.359999976121,1,response,0.0
trial,2023-09-06T19:47:33.991Z,58ed7f5aac62dc00019366a9,asymmetry,6.0,False,4.0,ISIC_0010723,ISIC_0054334,ISIC_0054334,ISIC_0010723,2099.78700002376,1,response,0.0
trial,2023-09-06T19:47:37.151Z,58ed7f5aac62dc00019366a9,asymmetry,6.0,False,5.0,ISIC_0032687,ISIC_0026613,ISIC_0032687,ISIC_0026613,1643.414000023855,0,response,0.0
trial,2023-09-06T19:47:41.851Z,58ed7f5aac62dc00019366a9,asymmetry,6.0,False,6.0,ISIC_0011649,ISIC_0033530,ISIC_0011649,ISIC_0033530,3194.1670000716113,0,response,0.0
trial,2023-09-06T19:47:45.266Z,58ed7f5aac62dc00019366a9,asymmetry,6.0,False,7.0,ISIC_0058837,ISIC_0028319,ISIC_0028319,ISIC_0058837,1908.76000004774,1,response,0.0
trial,2023-09-06T19:47:52.085Z,58ed7f5aac62dc00019366a9,asymmetry,6.0,False,8.0,ISIC_2927673,ISIC_0032828,ISIC_2927673,ISIC_0032828,5312.010999976192,0,response,0.0
trial,2023-09-06T19:47:56.826Z,58ed7f5aac62dc00019366a9,asymmetry,6.0,False,9.0,ISIC_5382189,ISIC_0028945,ISIC_0028945,ISIC_5382189,3236.0810000714846,1,response,0.0
trial,2023-09-06T19:48:02.127Z,58ed7f5aac62dc00019366a9,asymmetry,6.0,False,10.0,ISIC_0010044,ISIC_6635590,ISIC_6635590,ISIC_0010044,3787.3820000714622,1,response,0.0
trial,2023-09-06T19:48:06.886Z,58ed7f5aac62dc00019366a9,asymmetry,6.0,False,11.0,ISIC_0014708,ISIC_0069865,ISIC_0014708,ISIC_0069865,3246.44800002384,0,response,0.0
trial,2023-09-06T19:48:13.997Z,58ed7f5aac62dc00019366a9,asymmetry,6.0,False,12.0,ISIC_0023811,ISIC_0028444,ISIC_0023811,ISIC_0028444,5608.468999976059,0,response,0.0
trial,2023-09-06T19:48:16.934Z,58ed7f5aac62dc00019366a9,asymmetry,6.0,False,13.0,ISIC_3298596,ISIC_0072997,ISIC_0072997,ISIC_3298596,1428.662999976193,1,response,0.0
trial,2023-09-06T19:48:20.234Z,58ed7f5aac62dc00019366a9,asymmetry,6.0,False,14.0,ISIC_6062536,ISIC_4781223,ISIC_4781223,ISIC_6062536,1795.6780000238214,1,response,0.0
trial,2023-09-06T19:48:23.134Z,58ed7f5aac62dc00019366a9,asymmetry,6.0,False,15.0,ISIC_0033394,ISIC_0826998,ISIC_0033394,ISIC_0826998,1395.414000047604,0,response,0.0
trial,2023-09-06T19:48:26.241Z,58ed7f5aac62dc00019366a9,asymmetry,6.0,False,16.0,ISIC_2868199,ISIC_4307205,ISIC_2868199,ISIC_4307205,1602.704999976093,0,response,0.0
trial,2023-09-06T19:48:29.006Z,58ed7f5aac62dc00019366a9,asymmetry,6.0,False,17.0,ISIC_0058594,ISIC_0033508,ISIC_0033508,ISIC_0058594,1250.8310000237543,1,response,0.0
trial,2023-09-06T19:48:32.130Z,58ed7f5aac62dc00019366a9,asymmetry,6.0,False,18.0,ISIC_0072371,ISIC_0061158,ISIC_0061158,ISIC_0072371,1608.7149999761023,1,response,0.0
trial,2023-09-06T19:48:38.414Z,58ed7f5aac62dc00019366a9,asymmetry,6.0,False,19.0,ISIC_0028422,ISIC_0032408,ISIC_0032408,ISIC_0028422,4775.701999976067,1,response,0.0
trial,2023-09-06T19:48:41.222Z,58ed7f5aac62dc00019366a9,asymmetry,6.0,False,20.0,ISIC_1831600,ISIC_0011099,ISIC_0011099,ISIC_1831600,1301.0480000476819,1,response,0.0
trial,2023-09-06T19:48:44.779Z,58ed7f5aac62dc00019366a9,asymmetry,6.0,False,21.0,ISIC_0001149,ISIC_0059264,ISIC_0059264,ISIC_0001149,2041.0949999762238,1,response,0.0
trial,2023-09-06T19:48:48.980Z,58ed7f5aac62dc00019366a9,asymmetry,6.0,False,22.0,ISIC_7124160,ISIC_0011534,ISIC_0011534,ISIC_7124160,2692.975000000093,1,response,0.0
trial,2023-09-06T19:48:51.640Z,58ed7f5aac62dc00019366a9,asymmetry,6.0,False,23.0,ISIC_0066411,ISIC_0032723,ISIC_0032723,ISIC_0066411,1153.1659999999683,1,response,0.0
trial,2023-09-06T19:48:54.335Z,58ed7f5aac62dc00019366a9,asymmetry,6.0,False,24.0,ISIC_0440848,ISIC_0068966,ISIC_0068966,ISIC_0440848,1181.23000002373,1,response,0.0
trial,2023-09-06T19:48:58.098Z,58ed7f5aac62dc00019366a9,asymmetry,6.0,False,25.0,ISIC_0012425,ISIC_7313348,ISIC_0012425,ISIC_7313348,2261.5130000000354,0,response,0.0
trial,2023-09-06T19:49:06.330Z,58ed7f5aac62dc00019366a9,asymmetry,6.0,False,26.0,ISIC_0028967,ISIC_0065324,ISIC_0065324,ISIC_0028967,6726.63000002387,1,response,0.0
trial,2023-09-06T19:49:09.795Z,58ed7f5aac62dc00019366a9,asymmetry,6.0,False,27.0,ISIC_0046416,ISIC_5416978,ISIC_0046416,ISIC_5416978,1959.0149999761488,0,response,0.0
trial,2023-09-06T19:49:18.087Z,58ed7f5aac62dc00019366a9,asymmetry,6.0,False,28.0,ISIC_8885809,ISIC_0010145,ISIC_0010145,ISIC_8885809,6784.312000047648,1,response,0.0
trial,2023-09-06T19:49:21.261Z,58ed7f5aac62dc00019366a9,asymmetry,6.0,False,29.0,ISIC_0024552,ISIC_0028534,ISIC_0024552,ISIC_0028534,1658.4499999762047,0,response,0.0
trial,2023-09-06T19:49:24.817Z,58ed7f5aac62dc00019366a9,asymmetry,6.0,False,30.0,ISIC_0063824,ISIC_0071901,ISIC_0071901,ISIC_0063824,2047.862999976147,1,response,0.0
trial,2023-09-06T19:49:30.795Z,58ed7f5aac62dc00019366a9,asymmetry,6.0,False,31.0,ISIC_0055781,ISIC_0064907,ISIC_0055781,ISIC_0064907,4458.328999976162,0,response,0.0
trial,2023-09-06T19:49:39.071Z,58ed7f5aac62dc00019366a9,asymmetry,6.0,False,32.0,ISIC_0206758,ISIC_3529778,ISIC_3529778,ISIC_0206758,6769.000000071479,1,response,0.0
trial,2023-09-06T19:49:43.595Z,58ed7f5aac62dc00019366a9,asymmetry,6.0,False,33.0,ISIC_2807121,ISIC_7017387,ISIC_2807121,ISIC_7017387,3010.084999976214,0,response,0.0
trial,2023-09-06T19:49:48.657Z,58ed7f5aac62dc00019366a9,asymmetry,6.0,False,34.0,ISIC_0483289,ISIC_0009985,ISIC_0483289,ISIC_0009985,3556.2539999762084,0,response,0.0
trial,2023-09-06T19:49:53.224Z,58ed7f5aac62dc00019366a9,asymmetry,6.0,False,35.0,ISIC_2563568,ISIC_0656395,ISIC_0656395,ISIC_2563568,3056.792999976082,1,response,0.0
trial,2023-09-06T19:49:57.056Z,58ed7f5aac62dc00019366a9,asymmetry,6.0,False,36.0,ISIC_0001875,ISIC_0056271,ISIC_0056271,ISIC_0001875,2321.8280000714585,1,response,0.0
trial,2023-09-06T19:50:01.110Z,58ed7f5aac62dc00019366a9,asymmetry,6.0,False,37.0,ISIC_8622365,ISIC_0519386,ISIC_0519386,ISIC_8622365,2542.997000023956,1,response,0.0
trial,2023-09-06T19:50:05.114Z,58ed7f5aac62dc00019366a9,asymmetry,6.0,False,38.0,ISIC_4320200,ISIC_7128811,ISIC_7128811,ISIC_4320200,2497.4359999762382,1,response,0.0
trial,2023-09-06T19:50:08.611Z,58ed7f5aac62dc00019366a9,asymmetry,6.0,False,39.0,ISIC_7206167,ISIC_0028396,ISIC_0028396,ISIC_7206167,1994.9330000476912,1,response,0.0
trial,2023-09-06T19:50:11.977Z,58ed7f5aac62dc00019366a9,asymmetry,6.0,False,40.0,ISIC_0059976,ISIC_0193456,ISIC_0193456,ISIC_0059976,1860.800999976229,1,response,0.0
trial,2023-09-06T19:50:17.537Z,58ed7f5aac62dc00019366a9,asymmetry,6.0,False,41.0,ISIC_0029033,ISIC_6398283,ISIC_0029033,ISIC_6398283,4054.302999976091,0,response,0.0
trial,2023-09-06T19:50:20.282Z,58ed7f5aac62dc00019366a9,asymmetry,6.0,False,42.0,ISIC_4701900,ISIC_2058516,ISIC_4701900,ISIC_2058516,1232.8230000715703,0,response,0.0
trial,2023-09-06T19:50:22.894Z,58ed7f5aac62dc00019366a9,asymmetry,6.0,False,43.0,ISIC_2808323,ISIC_0058496,ISIC_0058496,ISIC_2808323,1094.42800004757,1,response,0.0
trial,2023-09-06T19:50:27.032Z,58ed7f5aac62dc00019366a9,asymmetry,6.0,False,44.0,ISIC_3163773,ISIC_0010809,ISIC_3163773,ISIC_0010809,2633.0390000476036,0,response,0.0
trial,2023-09-06T19:50:30.252Z,58ed7f5aac62dc00019366a9,asymmetry,6.0,False,45.0,ISIC_0057759,ISIC_5323725,ISIC_0057759,ISIC_5323725,1703.0720000716392,0,response,0.0
trial,2023-09-06T19:50:35.717Z,58ed7f5aac62dc00019366a9,asymmetry,6.0,False,46.0,ISIC_4026569,ISIC_3286956,ISIC_3286956,ISIC_4026569,3935.4850000476,1,response,0.0
trial,2023-09-06T19:50:39.230Z,58ed7f5aac62dc00019366a9,asymmetry,6.0,False,47.0,ISIC_0370008,ISIC_0000142,ISIC_0370008,ISIC_0000142,1998.765000023879,0,response,0.0
trial,2023-09-06T19:50:43.546Z,58ed7f5aac62dc00019366a9,asymmetry,6.0,False,48.0,ISIC_7008335,ISIC_0032812,ISIC_7008335,ISIC_0032812,2797.331000047736,0,response,0.0
trial,2023-09-06T19:50:47.342Z,58ed7f5aac62dc00019366a9,asymmetry,6.0,False,49.0,ISIC_7947847,ISIC_0046471,ISIC_0046471,ISIC_7947847,2294.101000000024,1,response,0.0
trial,2023-09-06T19:50:53.939Z,58ed7f5aac62dc00019366a9,asymmetry,6.0,False,50.0,ISIC_8095877,ISIC_7277310,ISIC_8095877,ISIC_7277310,5091.628000023775,0,response,0.0
trial,2023-09-06T19:54:01.063Z,58ed7f5aac62dc00019366a9,asymmetry,7.0,False,1.0,ISIC_4538489,ISIC_0009883,ISIC_0009883,ISIC_4538489,1892.5660000238568,1,response,0.0
trial,2023-09-06T19:54:03.885Z,58ed7f5aac62dc00019366a9,asymmetry,7.0,False,2.0,ISIC_2736880,ISIC_6912979,ISIC_2736880,ISIC_6912979,1315.1459999999497,0,response,0.0
trial,2023-09-06T19:54:06.745Z,58ed7f5aac62dc00019366a9,asymmetry,7.0,False,3.0,ISIC_0033164,ISIC_0032149,ISIC_0032149,ISIC_0033164,1340.375000071479,1,response,0.0
trial,2023-09-06T19:54:09.982Z,58ed7f5aac62dc00019366a9,asymmetry,7.0,False,4.0,ISIC_0024527,ISIC_8851038,ISIC_8851038,ISIC_0024527,1728.0579999999609,1,response,0.0
trial,2023-09-06T19:54:12.802Z,58ed7f5aac62dc00019366a9,asymmetry,7.0,False,5.0,ISIC_0011289,ISIC_5705973,ISIC_0011289,ISIC_5705973,1315.4740000239108,0,response,0.0
trial,2023-09-06T19:54:15.654Z,58ed7f5aac62dc00019366a9,asymmetry,7.0,False,6.0,ISIC_7550510,ISIC_1794249,ISIC_7550510,ISIC_1794249,1334.6780000000726,0,response,0.0
trial,2023-09-06T19:54:18.508Z,58ed7f5aac62dc00019366a9,asymmetry,7.0,False,7.0,ISIC_0061751,ISIC_0009894,ISIC_0061751,ISIC_0009894,1337.875999999931,0,response,0.0
trial,2023-09-06T19:54:21.847Z,58ed7f5aac62dc00019366a9,asymmetry,7.0,False,8.0,ISIC_0055450,ISIC_0027901,ISIC_0027901,ISIC_0055450,1827.2969999762722,1,response,0.0
trial,2023-09-06T19:54:25.115Z,58ed7f5aac62dc00019366a9,asymmetry,7.0,False,9.0,ISIC_9887341,ISIC_0014059,ISIC_0014059,ISIC_9887341,1762.6440000715666,1,response,0.0
trial,2023-09-06T19:54:32.240Z,58ed7f5aac62dc00019366a9,asymmetry,7.0,False,10.0,ISIC_7630831,ISIC_7407847,ISIC_7630831,ISIC_7407847,5620.643000071636,0,response,0.0
trial,2023-09-06T19:54:36.116Z,58ed7f5aac62dc00019366a9,asymmetry,7.0,False,11.0,ISIC_0594695,ISIC_0066101,ISIC_0066101,ISIC_0594695,2363.65100007155,1,response,0.0
trial,2023-09-06T19:54:39.802Z,58ed7f5aac62dc00019366a9,asymmetry,7.0,False,12.0,ISIC_4417495,ISIC_0062812,ISIC_4417495,ISIC_0062812,2183.590000047581,0,response,0.0
trial,2023-09-06T19:54:43.477Z,58ed7f5aac62dc00019366a9,asymmetry,7.0,False,13.0,ISIC_5377237,ISIC_0012048,ISIC_5377237,ISIC_0012048,2158.938999976264,0,response,0.0
trial,2023-09-06T19:54:46.890Z,58ed7f5aac62dc00019366a9,asymmetry,7.0,False,14.0,ISIC_0872145,ISIC_0062468,ISIC_0062468,ISIC_0872145,1905.0099999762606,1,response,0.0
trial,2023-09-06T19:54:50.000Z,58ed7f5aac62dc00019366a9,asymmetry,7.0,False,15.0,ISIC_3552318,ISIC_5509946,ISIC_3552318,ISIC_5509946,1598.455000071553,0,response,0.0
trial,2023-09-06T19:54:53.348Z,58ed7f5aac62dc00019366a9,asymmetry,7.0,False,16.0,ISIC_5150938,ISIC_0060817,ISIC_0060817,ISIC_5150938,1829.023000047775,1,response,0.0
trial,2023-09-06T19:54:56.063Z,58ed7f5aac62dc00019366a9,asymmetry,7.0,False,17.0,ISIC_9822350,ISIC_9675304,ISIC_9822350,ISIC_9675304,1194.9020000477321,0,response,0.0
trial,2023-09-06T19:54:58.634Z,58ed7f5aac62dc00019366a9,asymmetry,7.0,False,18.0,ISIC_2380341,ISIC_4595741,ISIC_4595741,ISIC_2380341,1066.03700002376,1,response,0.0
trial,2023-09-06T19:55:02.644Z,58ed7f5aac62dc00019366a9,asymmetry,7.0,False,19.0,ISIC_0030342,ISIC_4814912,ISIC_4814912,ISIC_0030342,2491.9190000477247,1,response,0.0
trial,2023-09-06T19:55:05.192Z,58ed7f5aac62dc00019366a9,asymmetry,7.0,False,20.0,ISIC_0536321,ISIC_0025152,ISIC_0025152,ISIC_0536321,1040.523000023793,1,response,0.0
trial,2023-09-06T19:55:07.965Z,58ed7f5aac62dc00019366a9,asymmetry,7.0,False,21.0,ISIC_0032342,ISIC_0003068,ISIC_0032342,ISIC_0003068,1263.1710000475869,0,response,0.0
trial,2023-09-06T19:55:11.072Z,58ed7f5aac62dc00019366a9,asymmetry,7.0,False,22.0,ISIC_0071388,ISIC_0030060,ISIC_0030060,ISIC_0071388,1604.2460000477731,1,response,0.0
trial,2023-09-06T19:55:14.467Z,58ed7f5aac62dc00019366a9,asymmetry,7.0,False,23.0,ISIC_0028341,ISIC_5614300,ISIC_5614300,ISIC_0028341,1882.691000071587,1,response,0.0
trial,2023-09-06T19:55:17.628Z,58ed7f5aac62dc00019366a9,asymmetry,7.0,False,24.0,ISIC_6759173,ISIC_8241457,ISIC_6759173,ISIC_8241457,1644.441000071587,0,response,0.0
trial,2023-09-06T19:55:20.928Z,58ed7f5aac62dc00019366a9,asymmetry,7.0,False,25.0,ISIC_6868089,ISIC_0059093,ISIC_0059093,ISIC_6868089,1794.249000000069,1,response,0.0
trial,2023-09-06T19:55:23.988Z,58ed7f5aac62dc00019366a9,asymmetry,7.0,False,26.0,ISIC_0502582,ISIC_9923630,ISIC_0502582,ISIC_9923630,1537.7159999762662,0,response,0.0
trial,2023-09-06T19:55:26.352Z,58ed7f5aac62dc00019366a9,asymmetry,7.0,False,27.0,ISIC_6901969,ISIC_0862745,ISIC_0862745,ISIC_6901969,852.1010000237729,1,response,0.0
trial,2023-09-06T19:55:41.812Z,58ed7f5aac62dc00019366a9,asymmetry,7.0,False,29.0,ISIC_0026198,ISIC_0003851,ISIC_0026198,ISIC_0003851,2429.246999976225,0,response,0.0
trial,2023-09-06T19:55:46.127Z,58ed7f5aac62dc00019366a9,asymmetry,7.0,False,30.0,ISIC_3909443,ISIC_0005319,ISIC_0005319,ISIC_3909443,2810.9910000716336,1,response,0.0
trial,2023-09-06T19:55:49.028Z,58ed7f5aac62dc00019366a9,asymmetry,7.0,False,31.0,ISIC_0030238,ISIC_2750230,ISIC_2750230,ISIC_0030238,1395.4360000237361,1,response,0.0
trial,2023-09-06T19:55:52.008Z,58ed7f5aac62dc00019366a9,asymmetry,7.0,False,32.0,ISIC_0028306,ISIC_5439597,ISIC_0028306,ISIC_5439597,1475.253000071505,0,response,0.0
trial,2023-09-06T19:55:55.643Z,58ed7f5aac62dc00019366a9,asymmetry,7.0,False,33.0,ISIC_1369273,ISIC_7586566,ISIC_7586566,ISIC_1369273,2127.019000071567,1,response,0.0
trial,2023-09-06T19:55:58.594Z,58ed7f5aac62dc00019366a9,asymmetry,7.0,False,34.0,ISIC_0033787,ISIC_0031900,ISIC_0031900,ISIC_0033787,1445.2110000238754,1,response,0.0
trial,2023-09-06T19:56:01.429Z,58ed7f5aac62dc00019366a9,asymmetry,7.0,False,35.0,ISIC_0027817,ISIC_2798803,ISIC_0027817,ISIC_2798803,1330.4790000477806,0,response,0.0
trial,2023-09-06T19:56:04.793Z,58ed7f5aac62dc00019366a9,asymmetry,7.0,False,36.0,ISIC_8869929,ISIC_8253326,ISIC_8869929,ISIC_8253326,1861.319000047632,0,response,0.0
trial,2023-09-06T19:56:08.462Z,58ed7f5aac62dc00019366a9,asymmetry,7.0,False,37.0,ISIC_0055287,ISIC_0011509,ISIC_0011509,ISIC_0055287,2164.296000047587,1,response,0.0
trial,2023-09-06T19:56:11.682Z,58ed7f5aac62dc00019366a9,asymmetry,7.0,False,38.0,ISIC_2021321,ISIC_8428097,ISIC_2021321,ISIC_8428097,1700.7169999761973,0,response,0.0
trial,2023-09-06T19:56:14.766Z,58ed7f5aac62dc00019366a9,asymmetry,7.0,False,39.0,ISIC_8979540,ISIC_5157775,ISIC_8979540,ISIC_5157775,1567.832999976119,0,response,0.0
trial,2023-09-06T19:56:17.667Z,58ed7f5aac62dc00019366a9,asymmetry,7.0,False,40.0,ISIC_0027022,ISIC_3151260,ISIC_3151260,ISIC_0027022,1369.023999976227,1,response,0.0
trial,2023-09-06T19:56:20.297Z,58ed7f5aac62dc00019366a9,asymmetry,7.0,False,41.0,ISIC_9015182,ISIC_0027302,ISIC_0027302,ISIC_9015182,1116.3140000237618,1,response,0.0
trial,2023-09-06T19:56:23.005Z,58ed7f5aac62dc00019366a9,asymmetry,7.0,False,42.0,ISIC_6440229,ISIC_5282642,ISIC_5282642,ISIC_6440229,1190.7030000714585,1,response,0.0
trial,2023-09-06T19:56:25.668Z,58ed7f5aac62dc00019366a9,asymmetry,7.0,False,43.0,ISIC_0536433,ISIC_1258986,ISIC_0536433,ISIC_1258986,1154.435000071535,0,response,0.0
trial,2023-09-06T19:56:28.234Z,58ed7f5aac62dc00019366a9,asymmetry,7.0,False,44.0,ISIC_0060535,ISIC_1915890,ISIC_0060535,ISIC_1915890,1053.2269999999558,0,response,0.0
trial,2023-09-06T19:56:30.849Z,58ed7f5aac62dc00019366a9,asymmetry,7.0,False,45.0,ISIC_9699615,ISIC_0066798,ISIC_9699615,ISIC_0066798,1101.673999976134,0,response,0.0
trial,2023-09-06T19:56:33.885Z,58ed7f5aac62dc00019366a9,asymmetry,7.0,False,46.0,ISIC_4938638,ISIC_3382231,ISIC_4938638,ISIC_3382231,1521.1609999760985,0,response,0.0
trial,2023-09-06T19:56:37.105Z,58ed7f5aac62dc00019366a9,asymmetry,7.0,False,47.0,ISIC_8651476,ISIC_6646939,ISIC_8651476,ISIC_6646939,1707.8990000714548,0,response,0.0
trial,2023-09-06T19:56:40.249Z,58ed7f5aac62dc00019366a9,asymmetry,7.0,False,48.0,ISIC_0032718,ISIC_1798471,ISIC_0032718,ISIC_1798471,1635.9960000000428,0,response,0.0
trial,2023-09-06T19:56:43.469Z,58ed7f5aac62dc00019366a9,asymmetry,7.0,False,49.0,ISIC_0056246,ISIC_8281208,ISIC_0056246,ISIC_8281208,1706.5460000715684,0,response,0.0
trial,2023-09-06T19:56:46.439Z,58ed7f5aac62dc00019366a9,asymmetry,7.0,False,50.0,ISIC_0059248,ISIC_0030695,ISIC_0030695,ISIC_0059248,1459.3240000477526,1,response,0.0
trial,2023-09-06T19:57:39.808Z,58ed7f5aac62dc00019366a9,asymmetry,8.0,False,1.0,ISIC_6876281,ISIC_0000162,ISIC_0000162,ISIC_6876281,1298.0389999761246,1,response,0.0
trial,2023-09-06T19:57:42.507Z,58ed7f5aac62dc00019366a9,asymmetry,8.0,False,2.0,ISIC_0061825,ISIC_0006744,ISIC_0061825,ISIC_0006744,1179.71299997624,0,response,0.0
trial,2023-09-06T19:57:46.021Z,58ed7f5aac62dc00019366a9,asymmetry,8.0,False,3.0,ISIC_8671702,ISIC_9936773,ISIC_9936773,ISIC_8671702,2011.6410000477922,1,response,0.0
trial,2023-09-06T19:57:49.914Z,58ed7f5aac62dc00019366a9,asymmetry,8.0,False,4.0,ISIC_0061583,ISIC_0059273,ISIC_0059273,ISIC_0061583,2388.1080000717193,1,response,0.0
trial,2023-09-06T19:57:53.104Z,58ed7f5aac62dc00019366a9,asymmetry,8.0,False,5.0,ISIC_9099430,ISIC_1343433,ISIC_1343433,ISIC_9099430,1678.2290000240318,1,response,0.0
trial,2023-09-06T19:57:56.100Z,58ed7f5aac62dc00019366a9,asymmetry,8.0,False,6.0,ISIC_0053725,ISIC_0068012,ISIC_0068012,ISIC_0053725,1490.6979999761097,1,response,0.0
trial,2023-09-06T19:57:59.130Z,58ed7f5aac62dc00019366a9,asymmetry,8.0,False,7.0,ISIC_2852805,ISIC_2894223,ISIC_2894223,ISIC_2852805,1520.8849999760282,1,response,0.0
trial,2023-09-06T19:58:02.479Z,58ed7f5aac62dc00019366a9,asymmetry,8.0,False,8.0,ISIC_0056119,ISIC_7759376,ISIC_0056119,ISIC_7759376,1836.5040000239387,0,response,0.0
trial,2023-09-06T19:58:06.229Z,58ed7f5aac62dc00019366a9,asymmetry,8.0,False,9.0,ISIC_0032680,ISIC_0025242,ISIC_0025242,ISIC_0032680,2237.669000023976,1,response,0.0
trial,2023-09-06T19:58:09.433Z,58ed7f5aac62dc00019366a9,asymmetry,8.0,False,10.0,ISIC_0027620,ISIC_7080584,ISIC_7080584,ISIC_0027620,1691.471000071615,1,response,0.0
trial,2023-09-06T19:58:12.133Z,58ed7f5aac62dc00019366a9,asymmetry,8.0,False,11.0,ISIC_0030435,ISIC_7898061,ISIC_0030435,ISIC_7898061,1192.0290000238456,0,response,0.0
trial,2023-09-06T19:58:15.082Z,58ed7f5aac62dc00019366a9,asymmetry,8.0,False,12.0,ISIC_6227920,ISIC_8692218,ISIC_6227920,ISIC_8692218,1440.6820000237785,0,response,0.0
trial,2023-09-06T19:58:18.111Z,58ed7f5aac62dc00019366a9,asymmetry,8.0,False,13.0,ISIC_0026879,ISIC_1874480,ISIC_0026879,ISIC_1874480,1519.8010000237264,0,response,0.0
trial,2023-09-06T19:58:21.418Z,58ed7f5aac62dc00019366a9,asymmetry,8.0,False,14.0,ISIC_6674653,ISIC_0028465,ISIC_6674653,ISIC_0028465,1793.8440000717528,0,response,0.0
trial,2023-09-06T19:58:24.207Z,58ed7f5aac62dc00019366a9,asymmetry,8.0,False,15.0,ISIC_0028003,ISIC_0331389,ISIC_0331389,ISIC_0028003,1283.2610000236891,1,response,0.0
trial,2023-09-06T19:58:27.127Z,58ed7f5aac62dc00019366a9,asymmetry,8.0,False,16.0,ISIC_0058024,ISIC_0028641,ISIC_0058024,ISIC_0028641,1402.5410000002012,0,response,0.0
trial,2023-09-06T19:58:29.965Z,58ed7f5aac62dc00019366a9,asymmetry,8.0,False,17.0,ISIC_8108090,ISIC_0026627,ISIC_8108090,ISIC_0026627,1324.609000071417,0,response,0.0
trial,2023-09-06T19:58:33.063Z,58ed7f5aac62dc00019366a9,asymmetry,8.0,False,18.0,ISIC_7098141,ISIC_0056186,ISIC_7098141,ISIC_0056186,1589.6080000000075,0,response,0.0
trial,2023-09-06T19:58:35.899Z,58ed7f5aac62dc00019366a9,asymmetry,8.0,False,19.0,ISIC_0028616,ISIC_8545097,ISIC_0028616,ISIC_8545097,1325.8740000240505,0,response,0.0
trial,2023-09-06T19:58:38.693Z,58ed7f5aac62dc00019366a9,asymmetry,8.0,False,20.0,ISIC_0032341,ISIC_1166678,ISIC_0032341,ISIC_1166678,1285.9200000716373,0,response,0.0
trial,2023-09-06T19:58:41.376Z,58ed7f5aac62dc00019366a9,asymmetry,8.0,False,21.0,ISIC_0010878,ISIC_9210255,ISIC_9210255,ISIC_0010878,1168.5270000714809,1,response,0.0
trial,2023-09-06T19:58:44.403Z,58ed7f5aac62dc00019366a9,asymmetry,8.0,False,22.0,ISIC_0030296,ISIC_9795458,ISIC_0030296,ISIC_9795458,1513.1820000237785,0,response,0.0
trial,2023-09-06T19:58:47.223Z,58ed7f5aac62dc00019366a9,asymmetry,8.0,False,23.0,ISIC_0182730,ISIC_0033365,ISIC_0182730,ISIC_0033365,1315.9509999761358,0,response,0.0
trial,2023-09-06T19:58:49.999Z,58ed7f5aac62dc00019366a9,asymmetry,8.0,False,24.0,ISIC_0011428,ISIC_5425721,ISIC_0011428,ISIC_5425721,1258.7920000236481,0,response,0.0
trial,2023-09-06T19:58:52.866Z,58ed7f5aac62dc00019366a9,asymmetry,8.0,False,25.0,ISIC_0001112,ISIC_0056152,ISIC_0001112,ISIC_0056152,1359.8860000236891,0,response,0.0
trial,2023-09-06T19:58:56.174Z,58ed7f5aac62dc00019366a9,asymmetry,8.0,False,26.0,ISIC_2151178,ISIC_0014788,ISIC_2151178,ISIC_0014788,1800.5750000714324,0,response,0.0
trial,2023-09-06T19:58:59.186Z,58ed7f5aac62dc00019366a9,asymmetry,8.0,False,27.0,ISIC_5908780,ISIC_1985569,ISIC_5908780,ISIC_1985569,1496.0740000717342,0,response,0.0
trial,2023-09-06T19:59:02.508Z,58ed7f5aac62dc00019366a9,asymmetry,8.0,False,28.0,ISIC_4352700,ISIC_7293518,ISIC_7293518,ISIC_4352700,1818.7909999759868,1,response,0.0
trial,2023-09-06T19:59:06.166Z,58ed7f5aac62dc00019366a9,asymmetry,8.0,False,29.0,ISIC_3084213,ISIC_0028489,ISIC_0028489,ISIC_3084213,2143.52500004787,1,response,0.0
trial,2023-09-06T19:59:09.664Z,58ed7f5aac62dc00019366a9,asymmetry,8.0,False,30.0,ISIC_0024952,ISIC_9194220,ISIC_9194220,ISIC_0024952,1975.1529999761842,1,response,0.0
trial,2023-09-06T19:59:13.235Z,58ed7f5aac62dc00019366a9,asymmetry,8.0,False,31.0,ISIC_0294399,ISIC_0030296,ISIC_0294399,ISIC_0030296,2062.987000000197,0,response,0.0
trial,2023-09-06T19:59:16.734Z,58ed7f5aac62dc00019366a9,asymmetry,8.0,False,32.0,ISIC_0010414,ISIC_0029863,ISIC_0029863,ISIC_0010414,1995.403000047896,1,response,0.0
trial,2023-09-06T19:59:19.986Z,58ed7f5aac62dc00019366a9,asymmetry,8.0,False,33.0,ISIC_9154716,ISIC_0011810,ISIC_9154716,ISIC_0011810,1747.7809999762103,0,response,0.0
trial,2023-09-06T19:59:23.911Z,58ed7f5aac62dc00019366a9,asymmetry,8.0,False,34.0,ISIC_0006118,ISIC_0000300,ISIC_0000300,ISIC_0006118,2423.007000000216,1,response,0.0
trial,2023-09-06T19:59:26.619Z,58ed7f5aac62dc00019366a9,asymmetry,8.0,False,35.0,ISIC_0033229,ISIC_0536433,ISIC_0536433,ISIC_0033229,1197.9640000476502,1,response,0.0
trial,2023-09-06T19:59:29.655Z,58ed7f5aac62dc00019366a9,asymmetry,8.0,False,36.0,ISIC_0014082,ISIC_9080774,ISIC_0014082,ISIC_9080774,1517.2919999761507,0,response,0.0
trial,2023-09-06T19:59:32.863Z,58ed7f5aac62dc00019366a9,asymmetry,8.0,False,37.0,ISIC_0055265,ISIC_7997132,ISIC_0055265,ISIC_7997132,1692.112999976147,0,response,0.0
trial,2023-09-06T19:59:35.834Z,58ed7f5aac62dc00019366a9,asymmetry,8.0,False,38.0,ISIC_0360988,ISIC_0046351,ISIC_0046351,ISIC_0360988,1462.5010000476614,1,response,0.0
trial,2023-09-06T19:59:38.798Z,58ed7f5aac62dc00019366a9,asymmetry,8.0,False,39.0,ISIC_0030921,ISIC_8922355,ISIC_0030921,ISIC_8922355,1460.6440000715666,0,response,0.0
trial,2023-09-06T19:59:41.781Z,58ed7f5aac62dc00019366a9,asymmetry,8.0,False,40.0,ISIC_8505412,ISIC_3343475,ISIC_3343475,ISIC_8505412,1460.6750000240281,1,response,0.0
trial,2023-09-06T19:59:44.810Z,58ed7f5aac62dc00019366a9,asymmetry,8.0,False,41.0,ISIC_5679004,ISIC_0032472,ISIC_5679004,ISIC_0032472,1522.5109999761921,0,response,0.0
trial,2023-09-06T19:59:47.508Z,58ed7f5aac62dc00019366a9,asymmetry,8.0,False,42.0,ISIC_5247383,ISIC_5527447,ISIC_5247383,ISIC_5527447,1187.6090000476688,0,response,0.0
trial,2023-09-06T19:59:50.159Z,58ed7f5aac62dc00019366a9,asymmetry,8.0,False,43.0,ISIC_0062401,ISIC_0651114,ISIC_0062401,ISIC_0651114,1138.597000000067,0,response,0.0
trial,2023-09-06T19:59:52.937Z,58ed7f5aac62dc00019366a9,asymmetry,8.0,False,44.0,ISIC_4393521,ISIC_9017110,ISIC_9017110,ISIC_4393521,1267.3190000238828,1,response,0.0
trial,2023-09-06T19:59:55.571Z,58ed7f5aac62dc00019366a9,asymmetry,8.0,False,45.0,ISIC_0060266,ISIC_0016103,ISIC_0060266,ISIC_0016103,1117.4830000237562,0,response,0.0
trial,2023-09-06T19:59:58.423Z,58ed7f5aac62dc00019366a9,asymmetry,8.0,False,46.0,ISIC_7775535,ISIC_1872823,ISIC_7775535,ISIC_1872823,1336.669999999925,0,response,0.0
trial,2023-09-06T20:00:01.931Z,58ed7f5aac62dc00019366a9,asymmetry,8.0,False,47.0,ISIC_7215375,ISIC_7783346,ISIC_7783346,ISIC_7215375,1994.2920000716117,1,response,0.0
trial,2023-09-06T20:00:05.828Z,58ed7f5aac62dc00019366a9,asymmetry,8.0,False,48.0,ISIC_2508901,ISIC_5979783,ISIC_2508901,ISIC_5979783,2391.652999999933,0,response,0.0
trial,2023-09-06T20:00:08.781Z,58ed7f5aac62dc00019366a9,asymmetry,8.0,False,49.0,ISIC_9351418,ISIC_0016127,ISIC_0016127,ISIC_9351418,1444.9660000475124,1,response,0.0
trial,2023-09-06T20:00:11.697Z,58ed7f5aac62dc00019366a9,asymmetry,8.0,False,50.0,ISIC_7397447,ISIC_3978280,ISIC_3978280,ISIC_7397447,1411.248000071384,1,response,0.0
